Abbreviation,Main Keywords
ctit,IoT data management; AI/ML data management; Healthcare data management; Cybersecurity data management; Big data databases; Unstructured data management; Real-time data analysis; Knowledge graphs and semantic databases; Quantum computing for databases; Blockchain databases; Advanced topics; Modern innovations; Secure software development; Domain applications; Sustainability and Green IT; Biotechnology and IT convergence; Neurotechnology; Urban technologies; Agricultural technology; Ethical and Social Aspects; Advanced communications; Future of Internet
ctsp,Control System Signal; Transmission Signals; Digital Signals; Electrical Signaling; Telecommunication Transmission Signals; Time-Varying Measurement Values; Sensor Data - Multiple; Optical Signal Processing; Multimedia Signal Processing; Applied Mathematics and Signaling; Emerging Technologies in Signal Processing; Signal Processing in Healthcare and Life Sciences; Security and Signal Integrity
jopc,
ecft,Electronic Business; Business Process Re-Engineering; Electronic Commerce Policy and Theory; Supply Chain and Customer Relationship Management and Business Process; EDI Trading Network; Social Commerce; Mobile Commerce; Inventory Management Systems; Automated Data Collection Systems; s Lifecycle; Research Limitations/Implications; Design of the Internet Retailing Questionnaire; Data Reduction Through Identification of Factors; Additional Emerging Topics
ijaba,"Reproductive Biotechnology; Animal Genetics; Animal Tissue Culture; Transgenic Animals and Technologies; Infectious Diseases in Animals; Probiotics and Microbiome Engineering; Induced Stem Cells and Regenerative Medicine; Paratransgenesis and Symbiont-mediated Biotechnology; Systems Biology and Omics Approaches; Synthetic Biology and Bioengineering Applications; Sustainable Animal Production and Environmental Biotechnology; Nanotechnology in Veterinary Sciences; One Health Approach and Zoonotic Disease Biotechnology; Ethical, Legal, and Societal Implications (ELSI)"
,"Aerodynamics; Nonlinear dynamics, structural dynamics; System Dynamics; Structural dynamics; Computational fluid dynamics, Intelligent Machine; Nonlinear Dynamics and Network Dynamics; Condensed Matter Dynamics; Quantum Condensed Matter Dynamics; Ultrafast Electron Dynamics"
ijchnp,
,Divide and conquer; Dynamic programming; Greedy algorithms; Backtracking; Algorithmic languages; Amortized analysis; Linear programming; Linear-time sorting; Advanced algorithm design; Randomized algorithms
,Molecular Enzymology; Bioreactor Engineering; Biochemical Reactions; Crystallography; Spectroscopy; Metabolomics; Thermodynamics; Transcriptomics; Enzymology
joaet,aeroacoustics of flight vehicles
,"Distributed Computing; Computer networks and network security; Web services composition; Cryptology; Validation, verification, coding, testing, maintenance, metrics, and renovation of software; Design, implementation and Design, implementation, and evaluation of programming languages; Programming environments; Development tools, visualization, and animation; Human factors in software; Operating systems, system administration, and network management"
,"Bioinformatics, Biophysics, and Biostatistics; Computational and Statistical Genetics; System Biology; Molecular Biology and Biochemistry; Genomics and Proteomics; Mathematical Biology; Network Biology; Medical Informatics; Biomarker Discovery and Mass-Spectrometry; Organization and Drug Designing Tools for Development Analysis; Parallel Computation, Linking Disparate Databases, Data Mining; Biological Software Design and Development; Computational Biomodelling (Molecular Modelling); Biological Algorithms Development and Implementation; Multiple Sequence Alignment and Biological Databases Development"
,Fundamental data structures; Recursive algorithms; Dynamic information structures; Language structures and compilers; ASCII character set; Pascal syntax diagrams; Advanced data structures and algorithms; B-trees; Array data structure
ija,Fertilizer chemistry; Pesticide chemistry; Herbicide chemistry; Fungicide chemistry; Plant nutrition chemistry; Agrochemical formulation chemistry; Chemical residue analysis; Agrochemical degradation chemistry; Chemical-biological interactions; Toxicological chemistry of agrochemicals; Environmental chemistry of agrochemicals; Innovative agrochemical chemistry
ijdct,"Distributed Computing Systems; Cloud Computing and Virtualization; Cloud computing models; Edge Computing, Fog Computing, and IoT Integration; Blockchain, Distributed Ledger Technology (DLT), and Web3; Blockchain-based distributed systems and decentralized trust models, Consensus mechanisms; Quantum Distributed Computing; Artificial Intelligence and Machine Learning in Distributed Systems; Advanced Distributed Network Technologies; Security, Privacy, and Trust in Distributed Systems; Performance, Scalability, and Fault Tolerance; Emerging Topics and Applications; Keywords"
jonsnea,"Nanomaterials; Synthesis, Design, and Characterization; Functional Nanostructures and Hybrid Materials; Polymer Nanotechnology and Nanocomposites; Nanoengineering; Fabrication and Manufacturing; Nanoelectronics, Spintronics, and Quantum Devices; Energy Applications of Nanotechnology; Nanomedicine and Biomedical Applications; Environmental Nanotechnology and Sustainability; Nanotoxicology and Safety of Nanomaterials; Advanced Characterization Techniques; Computational Nanotechnology and AI Applications; Emerging Fields in Nanoscience and Technology; Interdisciplinary Nano Research and Integration"
ijippr,Image Analysis; Image Understanding; Digital Image Processing; Text Compression; Still Image Compression; Video Image Compression; Feature Extraction; Linear Discriminant Analysis; Artificial Intelligence and Deep Learning in Image Processing; Big Data and Cloud-Based Image Analytics; D Image Processing and Augmented/Virtual Reality Applications; Quantum Computing in Image Processing; Cybersecurity and Image Forensics; Explainable Artificial Intelligence (XAI) and Ethical AI
,Applied Chemistry; Synthetic Organic Chemistry; Electrochemistry; Photoelectrochemistry; Medicinal Chemistry; Organometallic Chemistry; Kinetics and mechanisms of chemical reactions; Structure of inorganic and organic compounds
,Information security and risk management; Ethical hacking; Operating system security; Windows security; Object-oriented design; Security architecture; Computer forensics; Reverse engineering; Web application penetration testing; Compliance and operational security; Threats and vulnerabilities; Access control and identity management; Cryptography
,"Gene patents; Genetic Diseases; DNA Recombination; Restriction Endonucleases; Polymerase Chain Reactions; phates), RT-PCR, Reverse Transcriptase, Limitations of PCR and RT-PCR, PCR buffers, Required cofactor; Gene Cloning; Paratransgenesis; Mutation; padding"
,Smartphones; In-vehicle computing and fleet computing; Mobile ad hoc networks; Mobile computing and communications; Mobile cloud computing; Mobile device management; Mobile software; Positioning and tracking technologies
,"Aerial Photography; Cartography & Map Publishing; Geoinformatics; GeoPhysics; Image Compression and Image Processing; Remote Sensing, Spatial Science, Surveying and Mapping"
,Chemical databases; Drug discovery; Computer-assisted synthesis design; Computer-assisted molecular design; Organizing chemical facts into databases; Molecular modeling; Structure generators; Modeling 3D structures; Database mining; Graph mining; Molecule mining; Sequence mining; Digital libraries
,Evolutionary computing; Fuzzy computing; Hybrid methods; Morphic computing; Neuro computing; Particle swarm; Software development tools
ijibb,Biotherapeutics; Biochemical Engineering; Process Engineering; Biodefense; Bioreactor Engineering; Environmental microbiology; Fermentation; Pharmaceuticals; Biosynthesis
jowppr,"Water Purification Techniques; Biological, Chemical, and Physical Treatment of water; Water Infrastructure Management; Liquid Waste Management; Marine/Freshwater Ecosystems; Water Monitoring/Assessment, Adaptation Planning Technology"
,"Biochemical Engineering; Catalytic Engineering; Chemical Reaction Engineering; Computational Methods in Chemical Engineering; Environmental Chemical Engineering; Materials Process Engineering; Microfluidic Engineering and Process Intensification; Separation Processes; Surface and Interface Engineering; Fundamental chemistry, biology, physics of molecular engineering; Cell and tissue engineering; Biomolecular Physics"
ijebnp,Patient Safety; Improve Clinical Outcomes; Reduce Healthcare Costs; Decrease Variation In Patient Outcomes; Patient Values; Clinical Expertise
,Wireless threats; Signal-hiding; Wireless vulnerabilities; Securing wireless transmissions; Network auditing; Wireless public key infrastructure; Electromagnetic shielding
,"Integrated Circuits and System Design; Analog Design and Synthesis; Simulation, Verification, and Layout; Analog Integrated Circuits and Signal Processing; Amplifiers, Oscillators, and Synthesizers; Actuators, Transducers, and Integrated Sensors; CMOS IC Design and Technology; Semiconductor Devices and Applications; Sensors, Detectors, and Controllers; Artificial Intelligence and Neural Networks; Filters and their Applications; ADC and DAC Design; Equalizers, Stabilizers, and Regulators"
,Monoclonal Antibodies; Molecular Microbiology; Bacteriology; DNA Replication; Molecular Enzymology; Molecular markers; Therapeutic Agents; Transgenic species; Metagenomics; Therapeutic proteins; Structural Genomics; padding
,Chemical engineering; Electrosynthesis; Methods in Organic Synthesis; Organic synthesis; Peptide synthesis; Reaction mechanism; Combustion; Emerging reactor technologies; Mass balance
joadms,"Systems Analysis and Design; Semantic Web and Ontology; Knowledge Modeling and Processing; Sensor data Management; Temporal, Spatial, and High dimensional databases; Database Systems and applications; Data warehousing and data mining, OLAP; Distributed, Parallel, P2P, and Grid-based Database; Emerging trends in XML Technology; Digital Libraries; Agile systems development; Bio-informatics; Cognitive modeling; Conceptual modeling; Data quality; Database for advanced applications; Database security and integrity; E-business and m-commerce models and architectures; Object-oriented methods and methodologies; Software engineering; Web design methods and methodologies; Web database and Web-based information systems"
nts,Nanomaterials; Nanoelectronics; Nanomedicine & Therapeutics; Nanometer & Scale; Quantum Dots; Nanotoxicology; Nanobiosensors; Graphene; Fullerenes; Carbon Nanotubes; Nano Optics; Nanofiber; Nanowires; Nanorods; Nanocoating; Nanocomposite; Nanoplasmonics; Nanosensor; Green Nanotechnology; Nanolithography; Nano Dot; Nano Coral; Nano Solar Paint; Nano-Based Waterproof Concrete; NanoFabrication; NanoCosmetics; Nano Agri-Food; Perovskites; NanoSpace; Nano Furniture
,Electromagnetics and Energy Conversion; AC Systems and 3 Phase Circuits; Synchronous Machines; Adjustable Torque Drives; DC and AC electric motor drives; Electric Motor Drives; Motor controller algorithm; Microcontroller or digital signal processor; Fault protection and diagnostics
ijetnp,Emergency And Trauma Care; Emergency Medicine; Emergency Surgery; Emergency Nursing And Practice Care; Pediatric Emergencies; Clinical Ethics Of Emergency Care; Major Injury Management And Care; Cardiovascular Emergencies; Pandemics And Environmental Emergencies; Respiratory Emergencies
joarb,"Human-Robot Interaction and Social Robotics; Sensor Integration Robot; Vision; Robot Programming; Medical Robotics; Humanoid Robots; Autonomous Helicopters; Dynamics and kinematics of robot; Kinematics, dynamics, and simulation of robots and autonomous intelligent systems; Design of robotic mechanism; Man-machine interface and integration; Robotics-related computer hardware, software, and architectures; Active sensory processing and control; Machine learning and artificial intelligence for robotics; Medical and Assistive Robotics; Bio-mimetic and Bio-inspired Robotic Systems; Key topics include; Decentralized Robotic Control; Security Enhancements; Data Integrity and Transparency; Smart Contracts for Robotics; Case Studies and Applications"
,"Automatic Feedback Control Systems; Communications & Control Systems; Embedded Control Systems; Adaptive Control Techniques; Real-Time and Fault Tolerant Systems; Open and Closed Loop Control Systems; Large Scale Control Systems; Intelligent Sensing Control Systems; Power System Control; Digital and Analogue Control; Motion and Navigation Control; Temporal and Spectral System Analysis; Computer-Aided Design and Control Systems; Control Systems, Instrumentation, and Robotics; Control System Tools & Technology; MATLAB Modeling and Simulation; Emerging Applications in Control Systems and Engineering"
rrjosst,"Study of Celestial Bodies in our Solar System; Gravitational Science and Theories; Earth and Magnetism; Satellite Communication, Space Environment, Radiation, and Environmental Effects; Satellite Remote Sensing and its Applications; Satellite Tether Design and Space Physics; Space Robotics, Assembly, Operations, and Challenges; Material Engineering and Space Materials/ Meteorology; Weather Forecasting, Climate Study, and Information Systems; Spaceflights, Rockets, Launch Vehicles, and Propulsions; Astrophysical Cosmology and Astrobiology; Policies for Space Science"
,Shell commands & simple programming; Overview of TCP/ IP networking; Overview of the UNIX/ LINUX; Linux Administrators; UNIX programmers
,"Electronic design automation; RF/Photonics; Microelectronics; Electromagnetics; Lightwave Engineering; Biomedical Signal Processing; Communication Systems; Control Systems; Digital Signal Processing; Image Processing & Computer Vision; Instrumentation, Multimedia Security; Power Electronics and Power Systems"
,Geriatric; Gerontological Nursing; Geriatric Care Management; Physical Therapy; Geriatric Occupational Therapy; Geriatric Psychiatry; Geriatric Emergency Medicine; Geriatric Internal Medicine
joaira,Artificial Intelligence and Philosophy; Case-based Reasoning; Heuristic Searching; Intelligent Robotics; Planning and Theories of Action; Cognitive Aspects of AI; Robotics; Soft Computing Theory and Applications; Evolutionary-inspired Computing; Pervasive Computing and Ambient Intelligence; Intelligent Web; Bioinformatics; Neuroinformatics; Computing and the Mind; Cognitive Science; Non-classical Computing and Novel Computing Models; DNA computing and quantum computing; Natural Computing
,Air quality monitoring; Soil and water management; Wastewater treatment and reuse; Disposal and recycling of waste; Environmental quality parameters; Bio-monitoring; coli O157; Pollution prevention; Safety and sustainability of the environment; Pesticides
,Plant tissue culture; Plant breeding; Somatic Embryogenesis; Molecular breeding; Plant Genetics; Dicotyledonous Plants; Plant physiology; Plant Production Science; Crop Improvement; Recognition of Plant Signal Peptide
ijhml,"font-weight; Food Safety and Standards Regulations; Rights; Consumer Protection Laws in the Medical Profession; Regulation of Transplantation of Human Organs; Pharmacy, Bio-Medical Waste, Drugs and Cosmetics Acts; Prevention of Food Adulteration and Narcotic Drugs Laws; Maternity Benefit, PNDT, Medical Termination of Pregnancy Laws"
joces,"Mobile Computing; Networking Technologies; Communication Systems; Intranets; Enterprise Networks; LAN, MAN, WAN; Internet / Telecommunications"
,"elopment of environmentally improved routes, synthetic methods, and processes to an important product; Methodologies and tools for measuring environmental impact and application to real-world examples; The use of biotechnology alternatives to chemistry-based solutions; The use of sustainable resources; Characterization of natural and affected environments; Chemical aspects of renewable energy; Behavior, prevention, treatment, and control of mineral, organic and radioactive pollutants; Interfacial studies involving media such as soil, sediment, water, air, organism, and food; Green chemistry, environmentally friendly synthetic pathways, and alternative fuels; stable isotopes; Environmental processes and modeling; Environmental technologies, remediation, and control; The application of innovative technology to establish industrial procedures"
jocta,Computer Technology; Computer Engineering; Cryptology; Information Theory; Data Structures and Information Systems Applications; Software Engineering and Theory of Computation; Artificial Intelligence
jbil,font-weight; Banking Laws and Regulations; Debt Recovery and Financial Institutions; Taxation in Banking; Financial Transactions and Services; Asset Reconstruction and Securitization; Consumer Protection and Banking Ombudsman; Alternative Dispute Resolution and Legal Services
,Classical Immunology; Immunology and Infectious Diseases; Autoimmunity; Hypersensitivity; Developmental Immunology; Immunotherapy; Reproductive Immunology; Infection Control; Nursing Diagnosis and Care
,Atmospheric thermodynamics; Biological thermodynamics; Chemical thermodynamics; Equilibrium thermodynamics; Maximum entropy thermodynamics; Non-equilibrium thermodynamics; s mechanism; Gas Phase Kinetics
,"Interfacial, Electrochemical Phenomena; Fluid Mechanics, Heat and Mass Transfer; Materials, Synthesis, and Processing; Chemical Reaction Engineering; Plant Design & Process Design; Energy and Environmental Engineering; Reactors and Reaction Kinetics; Separation Processes, Thermodynamics"
,"Image digital representation; Biometrics; New algorithms and /or technologies for biometrics; Elements of visual perception; Analysis of specific applications; Fourier transforms, Extension to 2 - D, DCT, Walsh transform, Hadamard transforms; Huffman and contour coding; Restoration Models; Constrained & Unconstrained; Image coding; Processing and analysis; Geometric image processing and analysis; Document processing and recognition; statistical pattern recognition; video segmentation and tracking; Intelligent remote sensing, imagery research, and discovery techniques"
,
,Biomedical Instrumentation; Data Acquisition and Processing; Microcontroller System Design; Microprocessor System Design; Fundamental of Instrumentation; Industrial Electronics and Applications; Smart Sensors and MEMS; Mechatronics; Signal Processing Techniques for Measurement; Sensor-actuator Systems; Virtual Instrumentation; Automatic & Process Control Systems Design; Telemetry Design
jcgibl,font-weight; Corporate Governance; International Business Law; Subsidiary Mandates; Business Ethics; Corporate Social Responsibility (CSR); Business Groups
,Equipment & plant miniaturization; Alternative energy conversion & transport mechanisms; Structured environments; Intensified plant operation; Numerical Methods; Thermodynamics; Chemical Reaction Engineering; Mechanics of Granular Materials; Modeling in Chemical Engineering; Polymer Science and Engineering; Modern Instrumental Analysis; Process Controlling; Colloidal and Interfacial Science; Biochemical Engineering; Molecular Dynamics and Chemical Kinetics; System Engineering; Chemical Modeling
,"Primary Care; Gynaecologic And Family Planning Services; Preconception Care; Care During Pregnancy; Pregnancy, Foetus, Neonatal Health, Nutrition, Lipids, Protein, Human Milk, Infections; Childbirth And The Postpartum Period; Advanced Health Assessment; Health Promotion And Disease Prevention; Clinical Pharmacology; Cultural And Linguistic Competency; Issues In Nurse-Midwifery Professional Practice"
jomccmn,"Cellular networks; Channel allocation, multiple access, location management, handoffs; Wireless transmission basics; MAC protocols, routing, transport, ad-hoc; Networking GSM, HSCSD, GPRS; Satellite and broadcast systems; Mobile internet protocols; Mobile business apps using the sybase unwired platform; Security, scalability, and reliability issues; Mobile ad hoc and sensor networks; Wearable computing and networking"
,Conventional electromechanical; Neural networks; Object-oriented system; System control centers; Database and information systems; Stock and parameter estimation; Small and large system dynamics; Man-machine interfaces; Electric Power Systems Computer Analysis
,Equipment & plant miniaturization; Alternative energy conversion & transport mechanisms; Microfiltration; Ultrafiltration; Reverse Osmosis; Membrane filtration; Adsorptive exchange; Evaporative separation; Mechanical filtration; Printed Circuit Heat Exchangers; Circulating Tanks; Heating Coils Exchangers
jclj,"The Constitutional Jurisprudence-Concept, influence, and significance; The Fundamental Rights issues; stitutional significance, application, and implementation of the Directive Principles of State Policy; issues; as a Welfare State; Legislature in a neo-political trend and Constitutional mandate; cutive & judicial powers of government, Legislators, Democratic legislatures have six major functions; Constitutional Democracy versus religious politics; Judiciary under the Constitution-its independence, activism, and Reservation in Judiciary; Confrontation in Legislature, Executive, and Judiciary-Constitutional perspectives; Local Self Government-Constitutional status and its role in attaining Constitutional goals; Federalism and Constitutional Issues"
,"Computer graphics; Windowing transformations; D translation, scaling, rotation, and shear; D translation, scaling, rotation; Internet, connections, TCP/ UDP/ IP, IP addressing; ARP, RARP, DCHP, BOOTP, ICMP; Web servers, web browsers, web page makers and editors; URL, HTML; Multimedia communications; Technologies, protocols, and mechanisms; Various services and applications in multimedia communications; Optimizing and engineering multimedia network traffic; Issues of Personalization; Privacy and security in multimedia applications; Architectures used in multimedia software; Database applications and multimedia web; Implementation of multimedia sensor networks"
,Clinical Research In Medical-Surgical Nursing; Advanced Evidence-Based Care In Medical-Surgical Nursing; Nursing Care In Acute Disorders; Care And Rehabilitation In Chronic Disorders; Nursing Care Of Adult Patients; Nursing Care Of Elderly Patients; Pharmacological And Non-Pharmacological Interventions In Nursing
,Elastic instability; Gross plastic deformation; Tensile instability; Creep damage and creep-fatigue interaction; Low and high cycle fatigue damage; Brittle/elastic damage; Ductile/plastic damage; Strain softening and strain-rate sensitivity damage; Impact damage; Modeling and numerical simulation; plastic fracture mechanics; Crack incubation and propagation; Crack and fracture repair Techniques; Damage Tolerance and fracture Control
,Construction engineering; Construction materials; Earthquake engineering; Structural engineering; Construction planning; padding-bottom
jcmsl,font-weight; Capital Market Instruments and Rating; Securities Market Intermediaries; Market Infrastructure Institution; Debt Market; Money Market; Mutual Funds; Venture Capital; Collecting Investment Scheme; Resource Mobilization in the International Capital Market; Indian Depository Receipts; Securities Contract Act 1956; Issue & Listing Securities
,Structural engineering; Building structures; Mechanical structures; Structural elements; Earthquake engineering
,"Internet, Network, and Wireless Network Security& Applications; Smart grid, 5G network, Internet of Things, Application potential, Continuing medical education (MeSH; education, medical, continuing), Distance learning (MeSH; education, distance), Telemedicine Teleconsultations (MeSH; Mobile, Sensor Network, Database, and System Security; Virus, Worms, Trojan Protection, E-mail Security, Spam, Phishing, and E-mail Fraud; Security Threats & Countermeasures (DDoS, MiM, Session Hijacking, Replay attack, etc,); Cryptographic Protocols; Intrusion Detection and Prevention"
,Intensive Care; Critical Care Environmental Issues; End Of Life Care; Critical Care Networks; Patient-Centered Care; Ethical And Legal Issues In Critical Care
,"Control algorithms and techniques; Power quality and utility applications; Electric machines, modeling, simulation, analysis, design; Power circuit components; Power devices and components; Sensors, integration, and packaging; Microcontroller; DC-to-DC converter; Voltage stabilizer; Linear regulator; Transformer/autotransformer; Voltage converter; Voltage regulator; Cycloconverter"
jfal,Child Custody; Adoption; Parent Relocation; Divorce and Separation; Grandparent Rights; Alimony; Child Support
ijgge,"font-weight; Geospatial Data Analysis; Hazard Mapping and Risk Assessment; Environmental Impact Assessments; Remote Sensing Applications; Project Planning and Management; GIS in Geotechnical Engineering; Geotechnical Site Investigation; Geosynthetics and Geoenvironmental Engineering; Tunnelling and Underground Construction; Geotechnical Instrumentation and Monitoring; Geohazards and Risk Assessment; Sustainable Geotechnics; Numerical Modeling and Simulation; Mechanical, Physical, Hydraulic, and Thermal Properties of Geomaterials; Engineering Geology, Hydrogeology; Soil and Rock Engineering; Geosynthetics; Earthquake Engineering; Pile Dynamics; Slope Stability and Tunnelling; Geohazards and Mitigation; Novel Geotechnical Construction Techniques; Soil Water Management; Soil Reinforcement; Ground Improvement Technologies; Types of Slope Failure; Groundwater Seepage and Permeability; GIS and Remote Sensing"
,"Tools of open source development; Open source software projects, products, and processes; Open source software artifacts and open source communities; Economic analyses of open source; Legal aspects of open source software; Bug trackers and task lists; Version control systems; Methodology and data sources; Watermarking Techniques; Watermarking Methods"
,"Advanced Manufacturing Systems; Adaptive Control, Advanced Computing for Measurement; Artificial Intelligence and its Applications; Control and Automation, Robotics; Dynamic Simulation; Man/Machine Interface; Sensors & Signal Processing"
,Limitation of emissions of volatile organic compounds; Industrial chemical discharges; API oil-water separators; Biofilters; Dissolved air flotation; Powdered activated carbon treatment; Ultrafiltration; Activated sludge biothreats; Wastewater quality indicators; Sustainable Industrial Design; Remediation Technologies
,"Implementation of Multi programmed OS; The architecture of OS; Multiprocessor, Multimedia, and Real-time OS; Models of Thread Implementations; Interprocess/ Inter Thread Synchronization and Communication; File Organization, File System Interface, and Virtual File Systems; Graphical User Interface (GUI); Linear Block Addressing (LBA)"
,Composite material; Construction aggregates; Cement; Testing Compressive Strength of Concrete; Concrete tests
jhrlp,"font-weight; Basic Concepts of Human Rights; zations, Analysis of ethical theories, moral practices, and the application of five core human values; Human Rights Aspects of Genocide, Torture, and Capital Punishment; Human Rights Enforcement Mechanisms; Human Rights in the Indian Context; Human Rights Violations and Policy; Laws of War and War Crimes; Legal Instruments; Social Status of Women and Children; Status of Social and Economically Disadvantaged People"
,"Software evaluation Techniques; Software and complexity measures; System Analysis; Specification languages; Cloud computing; File and data structure design, Systems analysis tools; Software development, coding, verification, and integration; Object Oriented Methodology; System Development Methods; Web Database Programming; Object Oriented Development with Java"
,Electrical Motors; Electrical Vehicles; Power Distribution System; Electric Machinery; PV Module; Power Generation & Transmission
,Solar energy; Solar thermal energy; Hydroelectricity; Hydropower; Biofuel; Geothermal energy; Biomass Conversion; Wind Energy Technology; Ocean Thermal Energies; Socio-economic and Energy Management; Climate change and global warming; Nuclear power
,"Systems analysis and design; Hypermedia/hypertext engineering; Web Engineering tools & Methods; Modeling and model-based design and development; Navigation and hypermedia; Web design patterns and pattern mining; Web application evaluation, verification, and validation; Web engineering for wireless platforms; Web standards, usability, universal accessibility, Semantic Web; Specification languages, management, negotiation, and monitoring mechanisms; NET, Sun One, IBM Web Sphere, Oracle Internet Application Server; Web services, service-based approaches; Performance monitoring, evaluation metrics; Application frameworks/architectures, processes, methodologies, testing"
jiprl,font-weight; Patent Law; Trademark Law; Copyrights Law; Trade Secrets Law; Licensing Law; Patent Databases & Patent Information System; Preparation of Patent Documents; Recent Developments in Patent System; Protection of Trade Secrets; Industrial Designs; Geographical Indications
,"Catalysis, Catalyst, Reagents; Inhibitors, Poisons, and Promoters; Mechanism Action of Catalyst; Inorganic Solids and Metal Complexes; Statistical Evaluations of Catalyst; Adsorption, Process Technology with Catalysis; Computational Catalysis; Bio Catalytic Transformation"
,"Tree, Diamond Network, Mesh, Linear Array, Star, Hypercube, Chordal ring, Cube-connected-cycles; ILLIAC IV, Torus, PM2I, Butterfly, Mesh-of-tree; Pyramid, Generalized Hypercube; Twisted Cube, Folded Hypercube; Cross-connected Cube; Parallel Architectures; Shared Memory, Scalable Multi-Processors, Interconnection networks; Task and Data parallelism, Programming for performance; Multi-Core programming; Properties of Multi-Core architectures, Pthreads, OpenMP; GPU, Accelerators; Multi-core architectures; Parallel programs on multi-core machines"
,"Power Generation; Transmission & Conversion; Electrical Machinery; Control Theory & Industrial Controls; Robotics; Electrical Transportation Equipment; Insulation, Solar Energy, High-power Semiconductors; Economic & Environmental Aspects of Energy Production and Distribution"
,"Structural analysis, Thermodynamics, and Thermo-science; Organometallic chemistry and surface chemistry; Finite Element Analysis; Chromatographic Studies; Oxidation-reduction Reactions; Macrocyclic systems, Metalloporphyrin; Biochemical Engineering; Biophysical Chemistry; Natural products, Biological and Medicinal Chemistry; Physical Chemistry; Inorganic and Co-ordination Chemistry; Electrochemistry; Biochemistry"
,"High - Level programming languages; Data Representation, Data Abstraction, Procedure activation; Programming Language C; Parameter passing, Pointers, Arrays, Structures, C-Library; Program transformation techniques; unctional programming; Debugging for functional languages; Interoperability with imperative programming languages; Programming Language Implementation; Runtime Techniques for Programming Languages; Static and Dynamic Program Analysis; Software Model Checking"
,Traffic engineering; Mode of transportation; Transport Engineering
,"Origin and Development of Law of Torts; Defense against Tortious Liability; The remoteness of Damages; No Fault Liability; Vicarious Liability of State; Defamation; Consumer Protection Act; product liability, Keywords"
,Neurological and Neurosurgical Techniques; Neurological Disorders; Neuropsychiatry; Neuromuscular Medicine and Rehabilitation; Disorders of the Nervous System; Neurodevelopmental Disabilities; Interventional Neurology; Neurological Enhancements; Psychopharmacology; Psychoneuroimmunology
,Materials in Industry; Microtechnology; Crystallography Metallurgy; Biomaterials; Tribology; Ceramography; Nano Materials; Composite Materials; Modeling & Simulation; Advanced Processing of Materials; Computational Fluid Dynamics; Magnetic Materials
,Real-Time Embedded Systems; Hybrid Embedded Systems; Serial Communication Interfaces; Synchronous Serial Communication Interface; Multi-Media Cards; Timers and Time Processing Units; Analog to Digital/Digital to Analog; Digital Systems Interfacing; Embedded computing and communication systems; Artificial intelligence
,Water Treatment Process; Water resources; Sewage treatment; Waste stabilization ponds; Hydrological Engineering
jtrf,International Taxation; Clubbing of Income; Collection and Recovery of Tax; General Anti-avoidance Rules (GAAR); Income Exclusions; Tax Policy and Regulatory Framework
rrdms,"Mathematical induction; Logic and Boolean algebra; Set theory; Relations and functions; Sequences and series; Algorithms and theory of computation; Number theory; Matrix theory; Induction and recursion; Counting and discrete probability; Calculus of finite differences, discrete calculus or discrete analysis; Discrete analogs of continuous mathematics; Hybrid discrete and continuous mathematics"
,Intellectual Disability Nursing; Preoperative Nursing; Telenursing; Nursing Informatics; Forensic Nursing; Home Health Nursing; Assessment & Diagnosis; Palliative Nursing
,Construction management; Construction Material Handling; Sustainable construction engineering; Construction Engineering
jopet,"Production of Hydrocarbons; Petroleum Geology; Formation Evaluation (Well Logging), Drilling and Economics; Oil Refining; Synthetic Fuel Technologies; Oil Shale Technology; Reservoir Simulation"
,Wind Energy; Geothermal Energy; Biogas; Bio-fuels; Nuclear Binding Energy; Biomass Conversion; Greenhouse Effect; Climatology and Meteorology; Helioculture; Energy Management; Hydropower energy; Solar energy; Tidal energy
,"Analog/Digital Integrated Circuits & Systems; VLSI Architectures, Algorithms, Methods & Tools for Modeling; Simulation, Synthesis & Verification of Integrated Circuits and Systems; High-Level Synthesis for VLSI Systems; Test Generation Algorithms, Physical Design; Systems Engineering; Heterogeneous Systems"
njcl,font-weight; Criminal Proceedings in India; Criminal Justice System & Social Defence; The Basic Element of Crime; Stages in Committing a Crime; Historical Retrospect; Prostitution; Rape; Dowry Death; Domestic Violence; Sexual Harassment at the Workplace
ijonnp,Medical Oncology; Radiation Oncology; Surgical Oncology; Gynecological Oncology; Pediatric Oncology; Ocular Oncology; Chemotherapy And Radiotherapy; Palliative Care; Oncofertility; Clinical Trials Oncology
jotcsta,Elemental Coatings; Thin Films; Sol-gel coating; Coatings Technology; Lubrication technology; Tribology of composite materials; Electroless and Friction based coating; Plasma electrolytic oxidation; Friction performance and wear resistance; Thermochemical treatment
,Energy and Environmental Issues; Energy planning and Energy policy; Energy Management; Environmental Engineering; Greenhouse Gases; Emission trading; Pollution Control & Management of Natural Resource; Climate change skepticism
,font-weight; Intensive Neonatal Care; Keywords
njcsl,font-weight; Computer Science and Security; Security and Crime Science; Cryptography and Associated Topics; Security Economics; Legal Aspects of Information Security; Political and Policy Perspectives; Strategy and International Relations; Online Intermediaries in Internet Governance; vis Human Rights; Data Protection and Cyber Security; Legal Recognition of Digital Evidence; Jurisdiction Issues in Transnational Crime; s Core Principles and Domain Names Disputes; E-commerce Evolution; vis E-commerce
,Nuclear Power; Nuclear Medical Applications; Nuclear Industrial Applications; Nuclear Commercial Applications; Nuclear Safety; Nuclear Fusion; Nuclear Proliferation; Nuclear Fission; Radioactivity; Nuclear Energy
ijornp,Musculoskeletal System; Sports Injuries And Musculoskeletal Trauma; Orthopedic Surgery; Degenerative Diseases; Children Orthopedics; Orthopedic Nursing; Orthopedic Trauma; Arthroscopy; Orthopedic Implants; Fracture And Physiotherapy
njel,Environmental Law and Policy; Environmental Disaster; Protection and Practical Training; International Environmental Law and Policy; Environmental Protection Mechanism; Arbitration and Conciliation; Prevention of Money Laundering; Law Relating to Stamps; Law Relating to Society
,Conservation of Mass; Energy; Momentum; Kinematics of Fluid Flow; Dynamics of Fluid Flow; Pipe Flow System; Newtonian Fluid; Non - Newtonian Fluid; Flow; Turbulence; Combustion; Computational Fluid Dynamics
,Soil and rock mechanics; Earthquake engineering; Ground improvement; Field characterization of soils; Waste and waste management; structure interaction; Landslides and slope stability
njlil,"font-weight; Labour Law in India; Important Case Laws under Various Labour Legislations; Special Points in Employment Agreements; Industrial Relations; Women Labour and the Law; Labour Laws in the Unorganized Sector; Unfair Labour Practice; Checklist of Labour Law Compliance; Apprentices Act 1961; Maternity Benefit Act, 1961; Law Related to Contract Labor; Laws Related to Child Labor; Laws Related to Wages; Shops and Establishment Act, 1954; s Compensation Act 1923; Payment of Gratuity Act, 1972; Payment of Bonus Act, 1965; Laws (Exemption From Furnishing Returns & Maintaining Registers By Certain Establishments) Act, 1988; Industrial Disputes Act, 1947; Factories Act, 1948; The Employment Exchanges (Compulsory Notification of Vacancies) Act, 1959; Employees Provident Fund And Miscellaneous Provisions Act, 1952"
,"Child Health; General Pediatric Medicine And Surgery; Early Childhood Development And Care; Neonatology; Molecular Genetics; Behavior And Development; Nutrition, Diet, And Physical Health; Congenital Disorders"
,"Elastic instability, Gross plastic deformation, Tensile instability; Creep damage and creep-fatigue interaction; Low and high cycle fatigue damage; Brittle/elastic damage, friction and wear; Ductile/plastic damage, corrosion of metals, alloys; Strain softening and strain-rate sensitivity damage; Impact damage, mechanical characterization of composites; Modeling and numerical simulation; lastic-plastic, Wear behavior of composites, metal Metrix composites, hybrid composites, fly ash, etc; Crack and fracture repair Techniques"
joise,Risk Assessment and Management; Safety Standards and Regulations; Structural Safety; Construction Safety; Material Safety; Emergency Preparedness and Response; Environmental Safety; Human Factors Engineering; Fire Safety Engineering; Traffic Safety and Transportation Engineering; Geotechnical Safety; Occupational Health and Ergonomics; Safety Training and Education; Safety Culture and Management Systems; Technological Innovations for Safety; Disaster Resilience and Recovery
,Community Health Workers; Concierge Medicine; Primary Health Care; Health Services Research; Reproductive Health Supplies Coalition; Healthcare Inequality and Health Disparities; Transcultural Nursing; Menopausal and Geriatric Gynecology; Hysterectomy; Oophorectomy
njrel,"Property Laws and Acts; Urban Development and Slum Clearance; Environmental and Forest Laws; Land Acquisition and Rehabilitation; Real Estate Regulation and Development; Benami Transactions (Prohibition) Amendment Act, 2016; Stamp Duty and Indian Stamp Act 1899; Special Economic Zones Act of 2005"
,Base Station Management; Wideband CDMA; Direct Sequence CDMA; Multicode CDMA; Channel Capacity; Multi-User MIMO Systems; Multiple-input and multiple-output Relay Channel; MIMO Antenna Design; MIMO Prototyping; Call establishment procedure; Call clearing procedures
,Nursing Informatics; Forensic Nursing; Home Health Nursing; Assessment & Diagnosis; Palliative Nursing; Intellectual Disability Nursing; Preoperative Nursing; Telenursing
njabm,"Advertising theories and their relationship with practice; Promotional Research and management; Cross-media research and management; Types of advertising; Sales promotions; Media and advertising approach; Crowdsourcing; Diversification; Social media; Advertising and organizational responsibilities; Cognitive information models; Foote, Cone, Belding (FCB) planning grid; Hierarchy of effects models; Careers in advertising management; Media Research, advertising, and communications"
,"Design/Analysis of all types of gear, gearboxes, gear measurement; Shaft design and bearing selection; Power transmitting shafts, Solar and electrical heating system; Advanced Vibrations; Tribology and Bearing Design; Bearings, fasteners, springs, brakes, and clutches; Computer-Aided Drafting and Electrical Drafting; Device fabrication, manufacturing of nanomaterials; Micro Station, Inventor, and GeoSoft Montaj drawing; design tools like finite element analysis, computational fluid dynamics, computer-aided manufacturing"
,
,"Structural dynamics; Seismic engineering; Geometrical and mathematical finalization; Minimization Theorem finalization; Boundary element method, finite strip techniques; Industrial FEM codes (NASTRAN, AXIS, FEM-DESIGN, SOFISTIK); Element interconnection; Finite element machine; Isogeometric analysis"
,Digital analog circuits; Integrated circuit; Microelectronics; Unconventional computing; Digital system and binary numbers; Asynchronous sequential logic; Digital Number System; Boolean Algebra and Logic Circuits; Digital Logic Gates; Digital Combinational Logic; Sequential Circuits; Digital Logic Families
njbeec,Accounting Ethics; Goods and Service Tax; Business ethics and the global economy; Employment Ethics; Health care ethics; Management ethics; Marketing & sales ethics; Virtue theory; Corporate behavior; Corporate benefit; Corporate governance; Corporate Social Entrepreneurship; Corporate sustainability
ijan,"Polymer; Polymer Chemistry; Polymer Physics and Theory; Polymer Processing and Engineering; Polymer Applications; Biomacromolecules, Biobased and Biodegradable Polymers; Circular and Green Polymer Science; Materials; Polymer Synthesis, Modification and Self-assembly; Applications; Polymer structures; Physical properties of polymers; surface and interfaces; Functional polymers; Supramolecular polymers"
,Real-Time Embedded Systems; Hybrid Embedded Systems; Serial Communication Interfaces; Synchronous Serial Communication Interface; Multi-Media Cards; Timers and Time Processing Units; Analog to Digital/Digital to Analog; Digital Systems Interfacing; Embedded computing and communication systems; Artificial intelligence
ijadp,Construction Industry of architecture design; Computer-aided Architectural Design; Architecture Framework of design; Integrated Information Systems of management; The architectural design of management; Sustainable construction of management; Collaborative Architectural Design Management; Architectural knowledge of design management
njbrm,"Disaster preparedness and prevention; Disaster relief and recovery; Study of Natural Calamities; Innovation and techniques for disaster control and management; Professional practices of business continuity; Infrastructure crisis, public policy; Leadership crisis; Enterprise risk management; Homeland security/organizational threats; Crisis communications; Governance, risk, regulatory compliance; Cybersecurity for the business; Avoiding business scams; Managing hazardous chemicals in the workplace; IT risk management"
,Offshore geotechnical engineering
josem,Building structures; Earthquake engineering structures; Civil engineering structures; Mechanical structures; Structural elements
njcbl,"Delegated Management; Contracts Formation and Contents; Competition and Consumer Law; Corporate governance and corporate finance; Business Organizations and internal rules; Balance of power; s duties and liabilities; Corporate Liability; Contract, Tort, and Crime"
ijccm,"Materials; Physical Properties of Composites; Novel composites; Nanocomposites; Biomedical composites; Energy composites; Modeling, non-destructive evaluation; Processing and manufacturing, properties and performance; Repair, testing, nano technology; Characterization; Physical chemistry; Process and functional materials; Fluid dynamics and applied mechanics"
,"Microwave transmission; Artificial dielectrics Microwave amplifiers; Transmitters, Planar Circuits; Quarter-wave transformer, Active array antenna, Antenna Design; WIPL-D Microwave; Microwave amplifiers; Microwave Components and Circuits; Scattering Parameters; Smith Chart and Its Applications; Transmission Lines; Waveguides; Planar Circuits and Passive Circuits; CAD tools in RF/Microwave circuit design; ABCD or Ray transfer matrix"
,Interpretative Architectural Model; Architectural Surveying; The survey is composed of the following steps; Architectural Heritage Value; Representation of Architectural Heritage; Digital Archive; Architectural Graphical Analysis; Structural Safety; Earthquake Architecture; Contemporary architecture; Spiritual Place; Regeneration of Economic Heritage; Heritage Buildings
ijbe,font-weight; Medical Imaging and Signal Processing; Biomechanics and Biomaterials; Biomedical Instrumentation; Bioinformatics and Computational Biology; Biomedical Systems and Control; Medical Informatics and Health Information Systems; Neuroengineering and Neural Systems; Tissue Engineering and Regenerative Medicine
,"Water resources; Hydrological Engineering; Fluid mechanics; Sewage treatment; Water Treatment Process; solutions, On-site sewage facility, Sand filter, Vermifilter, mechanized processes of Water Treatment; Waste stabilization pond; ed lagoon sedimentation pond systems, High rate ponds, Maturation ponds Disposal or treatment options; Preliminary treatment"
,Optical specifications; Geometrical optics principles; Optoelectronic technologies; Laser physics and atomic structure; Quantum optics; Optical lens design; Physics and lasers; Semiconductor properties; Optical design; Optical instrumentation; Optical meteorology
,"Green Infrastructure; Landscape Architecture; Spatial Planning; Organic Architecture; Infrastructure planning, design, and management; Landscape ecology; Urban Green Infrastructure; Space green infrastructure; Charging infrastructure planning; Enterprise Architecture"
njcbmr,Market information; Market segmentation; Market trends; Marketing effectiveness; Customer analysis; Choice modeling; Competitor analysis; Risk analysis; Ethnographic research; Product research; Advertising the research; The purchase decision and its context; Risk perception and risk reduction activities; Brand-switching; Customer loyalty
ijnb,Nanoparticles and their applications in biotechnology; Nanomaterials for drug delivery; Nanomaterials for gene delivery; Nanomaterials for tissue engineering; Nanobiosensors and their applications in biotechnology; Nanotechnology-based imaging techniques for biotechnology; Nanotoxicology and its impact on biotechnology; Nanotechnology-based diagnostics in biotechnology; Nanomaterials for food and agriculture; Nanotechnology-based therapeutics for biotechnology; Keywords
,Construction engineering; Earthquake engineering; Forensic engineering; Geotechnical engineering; Materials science and engineering; Structural engineering; Surveying; Transportation engineering; Urban engineering; Coastal engineering
,"Radio Frequency oscillators; Transmitters and Transmission lines; Radio Frequency connectors; Antennas; Receivers and Tuners; Amplifiers; Modulators, demodulators, and detectors; Radio Frequency filters; Radio Frequency shielding and Ground plane; Radiofrequency module; GPS & GLONASS Modules"
,"Polymer; Polymer Chemistry; Polymer Physics and Theory; Polymer Processing and Engineering; Polymer Applications; Biomacromolecules, Biobased and Biodegradable Polymers; Circular and Green Polymer Science; Materials; Polymer Synthesis, Modification and Self-assembly; Applications; Polymer structures; Physical properties of polymers; surface and interfaces; Functional polymers; Supramolecular polymers; Composites; Physical Properties of Composites; Novel composites; Nanocomposites; Biomedical composites; Energy composites; Modeling, non-destructive evaluation; Processing and manufacturing, properties and performance; Repair, testing, nano technology; Characterization; Physical chemistry; Process and functional materials; Fluid dynamics and applied mechanics"
,Sustainable development of environment; General regression neural networks; Strategic environmental assessment; Social capital of environmental planning; Ecological region of environmental development; System dynamics of development; Benefits of Environmental Management System; Strategic spatial planning of environment; Environmental ethics of development
njepdm,Women Entrepreneurs; Patent Rights; Financial Econometrics; IPR Issues; Entrepreneurship Development; Talent Management; International Business; Economy Policy; Corporate entrepreneurship; Difficulties of Entrepreneur
ttea,Transport Engineering; Equipment and Systems of Transportation; Traffic engineering; Mode of transportation; Urban Rail Transportation
ijnn,"Synthesis, characterization, properties, and applications of nanomaterials and nanostructures; Fundamental research applied research, and technological advances in the field; Interdisciplinary research with applications in various fields; Synthesis of nanomaterials, including nanoparticles, nanowires, nanotubes, and thin films; fraction, transmission electron microscopy, scanning electron microscopy, and atomic force microscopy; nanomaterials and nanostructures, including optical, electrical, magnetic, and mechanical properties; nanostructures in various fields, including energy, electronics, medicine, and environmental science; Development of new techniques for the synthesis of nanomaterials and nanostructures; Study of the stability, toxicity, and environmental impact of nanomaterials; Integration of nanomaterials into devices and systems for various applications; Theoretical modeling and simulation of nanomaterials and nanostructures"
,Specific Satellite Services; Space Surveillance Network; Weather and environmental monitoring; Mobile Satellite Services; Orbits and launches; Spacecraft technology; Ground equipment for GEO Satcom; VSAT Satellite Communication; Web-Based Services; Land survey data
,Rural Human Settlement of housing; Incremental Housing; Development Projects of housing; Sustainable Human Settlement; Environments of housing; Cape Town of human and housing; Modernist Urban Planning of human; Social Housing of human settlements; Circular Economy of housing settlements; Community Planning of human; Spatial Arrangement of housing settlement; Human settlement objective of housing settlement; Settlement of Rural Human; Regional Differences of housing; Land reform
,Amorphous oxide semiconductors; Photovoltaics; Advanced materials for CMOS; Novel devices; Thin films; Crystal structure; Quasicrystals; Spin glasses; High-temperature superconductivity
njfpm,"Personal Finance and Corporate Financial Service Industry; Financial statement analysis; Sources of Financing; Capitalization and Capital Structure; Cost of Capital; Leverage & Dividend Decision; Dividends, Organizations, Restructuring, Financial policy JEL classification; Capital Budgeting; Working Capital Management; Mutual Funds, Insurance, Stock Markets, Wealth Management; Banking Service and Macro Economy; Applied Financial Planning; Consumer Credit, Debt Planning and Management; Taxation Planning and Estate Planning"
ijrrd,Rural Development Strategies; font-weight; Rural-Urban Linkages; Natural Resource Management; Infrastructure Development; Policy Analysis and Evaluation; padding-top; padding-bottom; font-size
,Explosives; Pyrotechnic compositions; Rocket and Missile Propellants; synthesis and sensitivity of energetic materials; Molecular orbital calculations; Thermal decomposition and hazards testing; Detonation and/or Deflagration Processes
njgm,Global strategic marketing planning; Cross-national/cultural consumer decision-making and behavior; Global competitive strategy; Transfer of marketing technology; Global marketing information systems; Global buyer-seller interactions; Global strategic alliances; Advantages and disadvantages of Global Marketing
,The technology of Sustainable Building; Sustainability Assessment; Rating System of Sustainable Building; Sustainable Development of architecture; Construction Management of architecture; Maintenance of Sustainable Building; The technology of Building Innovation; Sustainability Barriers; Building Management of Sustainable; Advancement of Sustainable Technology
,"Telecommunications network and structure; Network media technologies; Design and Management of telecommunication systems; Security, Privacy, and Encryption in telecommunication systems; Networking Protocols; ansmission, Open Systems Interconnection model (OSI), (DHCP) Dynamic Host Configuration Protocol, DNS; Domain Name System protocol, FTP; File Transfer Protocol, HTTP; HyperText Transfer Protocol, IMAP, and IMAP4; Internet Message Access Protocol, POP, and POP3; Post Office Protocol, SMTP; Simple Mail Transfer Protocol, SNMP; Simple Network Management Protocol, TCP; Transmission Control Protocol, IP; Transmission System and Signaling Systems; Regulatory, standardization, and privatization issues in telecommunications; Traffic engineering; Advanced networking; Telematics and Telemetry"
,Properties of Metal; Production and Purification of Metal; Process of Metallurgy; Corrosion and Resistance of Materials; Structure and Physical Properties of Materials; Mine Safety and Protection of Mines; Mining Process; Steel Production and Process; Properties of Alloy; Metallurgical Engineering
ijtpm,Geographical Information System (GIS); Planning Process; New Town Planning; System Dynamics; Marine Spatial Planning (MSP); Land Use in Architecture; Smart Town Planning; Smart City Architecture; Sustainable Coastal Design; Strategic Planning; Landscape Design; Stormwater Management; Construction Logistics and On-Site Supply Chain Management; Risk Management and Predictive Analytics in Construction Logistics; Digital Technologies in Construction Logistics; Sustainability and Resilience in Construction Logistics; Urban Construction Logistics Challenges
,"CMOS technologies and SPICE Models; Stability and Noise issues in amplifiers; Frequency response; CMOS analog blocks; Current Sources and Voltage references; Differential amplifier, OPAMP, and OTA design; Frequency Synthesizers and Phased lock-loop; Non-linear analog blocks; Comparators, Charged-pump circuits, and Multipliers; Data converters; Analog Interconnects and Analog Testing and Layout; Low voltage and Low power Analog; Electronic design automation"
njhrmd,"Education, Training, and Development Practices; Human Resource Maintenance and Retention; Compensation Practices; Business Leadership; Consulting and Diversity; Employee Relations; Ethics & Sustainability; Global HR; Organizational & Employee Development; Staffing Management; Technical impact on HRM; Workforce Diversity Management; HR Outsourcing; Employee Engagement & Employee Communication; Work-life balance; Employee Satisfaction Survey"
ijudd,font-weight; padding-top; padding-bottom; font-size
,Electronics Circuits; Electronics Theory; Computer-Aided Design (CAD); Analog Electronics; Digital Electronics; Digital Signal Processors; Mathematical Methods in Electronics; Active Electronics Components; Passive Electronics Components; Semiconductors Fabrication
njitm,Database Management; Network security; Aviation Industry; Database design; Electronic Commerce; Information technology; Knowledge Management
,"Microprocessor & Microcontroller System; Microelectronic Devices and Circuits; Digital Circuits and Digital Signal Processor; Programmable Logic designing; Graphics Processing Units; Profiling, Optimization, Debugging, Hardware, Future trends, Gravitation, Stellar dynamics, Methods; N-body simulation, Methods; Instruction Set Architecture; Stellar dynamics, Method; N-body simulations, Cosmology; large-scale structure of the universe, Galaxies; SoC, SoPC, MPoC, and NoC Designing; ASIC, FPGA; Leveraging Software Tools for Optimal Performance; Optimizing Microarchitecture through Parallelism"
njlsm,"Strategic Management Process; Management decisions; Time scales and product development planning; Structure of the organization; Activities of the organization; Analysis of internal and external factors for product development; SWOT Analysis; Experience curve; Corporate strategy and portfolio theory; Competitor Analysis; Generic competitive strategic thinking; Internet and information availability; Sustainability; Age of Discontinuity-new technologies, globalization, cultural pluralism, and knowledge capital"
jomsd,Light-Emitting diodes; Liquid-Crystal Display; Transistor amplifiers; Microelectronic circuits; Electronic band structure; Electrons; Energy bands; Metal-oxide-Semiconductor Capacitor; Nano MOSFETs; Device modeling; Bipolar Transistor Devices; Micro/Nano Photonic Devices
,"Microwave, Millimeter-Wave, and Terahertz Technologies; Microwave Antennas and Devices; Microwave Photonics; Infrared and Laser Technologies; Band Gap Materials; Electromagnetic Field; MMIC, MEMS, PBG Structures, and Metamaterials"
njmis,Business Process Management; Collaborative and Social Computing; Computer-supported cooperative work; Computing and Business; Decision Analysis; Decision Support System (DSS); Electronic Commerce; E-commerce; Enterprise computing; Human-Computer Interaction; Project and People Management
,Conductors; Semiconductors; Insulator; Optical Sensor; MOS Capacitor; MOSFET; Energy bands; Electrical conduction; Charge carrier; Doping
rrjophy,Quantum Physics; Astrophysics; Cosmology; Statistical physics; Thermodynamics Liquid Crystals Chemical; Gravitational Physics; Magnetohydro dynamics; Nuclear physics; Geophysics; Solid State Physics; Atomic physics; Biophysics
,Fiber Optic Communication Systems; Time Division Switching Systems; Voice Data Integration Schemes; Integrated Service Digital Network; Transmission System; Signaling Systems; Urban or Metropolitan Area Networks; Wide Area Networks; Telephone Switches; Stronger Switching Systems; Traffic Engineering
njobm,"Management and Organizational Behavior; Evolution of Management Thoughts; Departmentation and Structural Formats; Systems analysis, management, training, and performance improvement; Human resource management; Applied behavior analysis; Behavioral systems analysis; Performance management; Employee safety, employee training; Stress, health, and employee productivity; Evaluation of employee satisfaction and feedback systems; Managing absenteeism, tardiness, and turnover; Use of monetary and nonmonetary incentives; Self-management procedures; Programmed instruction, behavioral modeling, and computer-aided instruction; Positive and negative side effects of OBM interventions"
,Transmission Systems; Relay Stations; Tributary stations; Data Terminal Equipment; Power Line Communication Systems; A Duplex Communication System; A Tactical Communication System; Electronic Sensors; Sensory Systems
njorm,Decision theory and analysis; Operations research techniques in finance and marketing; Manufacturing and operations theory and practice; Operation model in services; Applications of operations research techniques; Operations research in public sector organizations
,"High-Speed Machining, including streamlining of tool paths, Electric Vehicle; Multi-function Machining; Axis Machining; Feature recognition and machining; Automation of Machining processes; Computer-aided manufacturing software, Computational intelligence; Automate manufacturing processes; The manufacturing process and usage complexity; Product Lifecycle Management (PLM) and Direct numerical control (DNC) systems; Modern enterprise integration"
,Magnetic Sensor Technologies; Electric Sensor Technologies; Electrophysiological Monitoring; Forensic and Materials Characterization; Intelligent Vision Sensors; Sensor Fusion; Space-Based Surveillance and Detection; Modeling and simulation of sensors
njpmrs,Retention Strategies; Retention and Motivation Theory; s Theory; Equity Theory; Expectancy theories; Organizational behavior management; Behavioral systems analysis; Role of leaders in employee retention; Employee engagement and retention; HR and employee retention; Benefits of Employee Retention
,Enabling Technologies & Applications in Optical Networks; Survivability of Optical Networks; Optical Network Security; Photonics; Dynamic Optical Networks; Fiber-Optic Networks; Advanced DSL Technologies; Operations Support Systems for Optical Networks; Quantum Communication
njsclm,"Marketing channels and strategy; Transaction cost economics; Logistics performance management; Enterprise resource planning; E-logistics and Logistics information systems; Customer relationship management; Supply chain management; Warehouse management; Purchasing, Procurement, E-commerce, E-auctions; Technique and Technology of the Logistic Infrastructure; Logistics Cost and Controlling; Mass Customization, Order Postponement, Responsiveness"
,Analog-based drug design; Clinical and medicinal chemistry; Drug extraction; Drug safety assessment; Fragment-based drug discovery; Pharmaceutical analysis; Pharmaceutical screening process; Structure-based drug discovery; In silico drug discovery; Types of pharmaceutical drugs
,"Modern Tools and Mechanics; Micro-Sensor Development and Lubricating Oil Tribology; Science; Finite Element Analysis; Active Shape Control and Adaptive Structures; Vibration, Control Theory, and Control Engineering; Mechatronics and Robotics; Design and Drafting Finite Element Analysis; Machine Design"
rrjop,Clinical Pharmacology; Telemedicine; Neuropharmacology; Clinical Trials and Drug Development; Artificial Intelligence and Digital Health in Pharmacology; Adverse Drug Reactions (ADRs) and Pharmacovigilance; Psychopharmacology; Molecular Diagnostics; Drug Metabolism; Dosology and Pharmacognosy; Molecular and Cellular Pharmacology; Endocrine Pharmacology
,"Kinematics of Machines; CAD/CAM/CAE Technology; Mechatronic Design; Machine Manufacturing Processes; Brakes, Clutch, Gears, and Springs Design; Screws, Rivets, and Pins; Fatigue and Their Failure; Belts, Pulleys, Sheaves, and Flywheels; Machine Learning Algorithms"
rrjops,"Formulation Engineering and Processing; Molecular Biopharmaceutics and Drug Disposition; Pharmacokinetics, Pharmacodynamics, and Pharmacogenetics; Pharmacodynamics, Pharmacogenetics; Metabolic Disposition of Bioactive Agents; Protein-peptide Chemistry and Biotechnology; harmaceutical Toxicology; Drug Metabolism; Quality Control; Pharmaceutical Nanotechnology; Pharmaceutical validation techniques"
,Ice harvesting; Non-cyclic and cyclic refrigeration; Vapor-compression and Vapor absorption cycle; Electromechanical cooling; Ductless (split-system) and Window air conditioning; Photovoltaics and Thermal Solar technologies; Hydronics and Water coils; Tubing Operations and Sheet Metal Fabrication
,Drug Delivery System; Drug Carriers; Experimental and Clinical Therapeutics; Surface Modification; Cellular Crosstalks; Nanoformulation and Nutraceutical; Image-guided Drug therapy; Devices for Drug Delivery
,"Library Management; Information Literacy & Seeking Behaviors; Information Architecture; Information & Knowledge Audit; Bibliographic Control; Digital Library Open Sources; Library Research, Finance & Budgeting; Library, Society & Social Networking; Librarian Partnerships or Collaborations; Search, Navigation & Retrieval Techniques"
,"Production and Operations Management; Planned Manufacturing, optimization, and simulation; Production systems; Supply Chain Management; Manufacturing Strategy; Policy formulation and evaluation in production research; Business Law and Technology Management; Operational and Marketing Management; Human Resource Management; Business Strategy and Policy"
osmj,"Language & Communication; Education; Philosophy; Theology; Social Science & Humanities; Information Science; Human Beliefs and Spiritual Values; Moral Studies, Virtues, and Values; Science and Religion; Natural Sciences; Political Science; Marketing Management"
,Biopolymer; Conjugated microporous polymer; Polyanhydrides; Polymer adsorption; Polymer separators; Polymerization; Polymersome; Plastics engineering
rrjobt,Genetic & Tissue Engineering; Computational Biology; Bioinformatics; Metabolic Engineering
rrjob,Plant science; Plant Ecology; Plant Physiology; Plant morphology; Plant genetics; Phytochemistry; Agronomy; Arboriculture; Palynology; Forensic Botany
,"Manufacturing Automation; Mechatronics Engineering; Control System Design, Industrial System Design; Product Design Techniques; Mechatronics, Robotics, Biomimetics; Sensors, Wireless Sensor Networks, and Multisensory Data Fusion; AI, Neural Networks; Modeling and Control of Mechatronics Systems and Robots; Industrial Automation, Process Control, and Networked Control System; Human-Computer Interaction, Telerobotics"
rrjocb,Bioinformatics; Genomics; Proteomics; Mathematical Biology; Medical Informatics; Biomarker Discovery; Computational Biomodelling; Drug Designing; Biological Algorithms
rrjocst,Crop Physiology; Entomology; Crop Diversity; Viticulture; Post-Harvest Management; Crop Metabolism; Crop Production and Management; Crop breeding; Fertilization and Pollen Behavior; Crop Farming
rrjodst,Dairy Science and Technology; Biotechnology & Biochemistry of milk; Nutritional qualities of milk and dairy products; Milk from Bovine or Non-Bovine; Human milk; Breeding systems; Breeding of high-yielding cattle; Animal nutrition & physiology; Study of Animal Behavior; Livestock Production and Management
,"Thermodynamic Equilibrium, Non-Equilibrium; Thermodynamic systems and processes, thermal management/control; Heating and cooling technologies; Energy Transformations; Classical, statistical, chemical, Atmospheric, Biological Thermodynamics; Thermodynamic properties and relations; Thermal interface materials; Thermoeconomics"
rrjoe,Behavioral Ecology; Molecular Ecology; Evolutionary Ecology; Ecosystem Ecology; Population Ecology; Community Ecology; Landscape Ecology; Restoration Ecology; Ecotoxicology; Terrestrial Ecology; Aquatic Ecology; Microbial Ecology; Systems Ecology
rrjofst,Food safety and microbiology; Food engineering; Food processing technologies; Food chemistry; Food Packaging and Processing; Food Grading; Bioprocess and Food Enzyme Technology; Food Safety and Defense; Food Storage and Preservation; Food quality assurance
,"Industrial Automation; Robotic Automation; Factory Automation; Hydraulics and Pneumatics, automotive coolants; Sequential control and logical sequence control; Manufacturing Automation, automatic machine, automatic blower; Distributed control and remote monitoring; Fault detection and isolation (FDI); Virtual instrumentation and control; Fieldbus technology and interfaces"
rrjohs,Herbal Drug/Medicine & Formulations; Phytopharmaceutical chemistry; Herbal Ayurveda & Medicinal Plant; Herbal Cosmeceuticals & Products; Herbal Nutrients & Dietary supplements; Plant Tissue Culture; Ethnoecology & Ethnobotany; Phytotherapy; Aromatherapy; Naturopathy
,"Production planning and control, workforce skills; Casting trend and different machining technology; Tool and precision engineering, Manufacturing Technology, Genetic Algorithm; Metrology and inspection; Automation and rapid manufacturing, Productivity Enhancement; Maintenance Engineering and Tribology, SMEs; Reliability and quality engineering, Genetic Algorithm"
rrjols,Biology; Genetics; Molecular Biology; Cell biology; Biochemistry; Biophysics; Environmental science; Biomedical Science; System biology; Developmental Biology
rrjomv,Industrial Microbiology; Food & Dairy Microbiology; Agricultural & Plant Microbiology; Environmental Microbiology; Aquatic & Water Microbiology; Microbial Biotechnology; Viral pathogenesis & Antiviral agents; Bioremediation; Microbial Ecology; Microbial Cytology; Microbial Physiology; Virology and Viral Therapy; Antiviral agents
,"Assessment of risk from the air, water, and soil pollution; Feasible remedies for treatment and prevention of pollution, use of biodiesels, biofuels; Protection of groundwater from pollutants; Waste disposal techniques and wastewater management; Utilization of Solar Energy; Feasibility study of pollutants; Impacts of pollutants on ecology; Assessment of environmental policies and legal aspects; Assessment of water quality; Assessment of low-frequency noise problems and solutions"
rrjovst,Animal nutrition & physiology; Veterinary Pharmacology & Medicine; Study of Animal Behavior; Animal Genetics & Breeding; Breeding systems; Livestock Production and Management; Veterinary Biochemistry; Veterinary Epidemiology; Veterinary Microbiology & Parasitology; Veterinary Anesthesia & Toxicology; Surgical Nursing
,"Computer-Aided Design and Manufacturing; tal systems, natural occlusal function, subcritical damage, Beneficiation, Fabrications, and assembly; Traditional, Non-Traditional and flexible Manufacturing Processes; Machining, Joining, Thermal Treatment, and finishing processes; Recycling, Vacuum Technology; Material Optimisation, Surface Engineering; Composite Materials; Reverse Engineering processes; Lean Manufacturing, Textile Engineering; Mechatronics, Friction Stir welding"
rrjost,Theoretical and Computational Statistics; Variance Analysis; Statistical Decision Theory; Biostatistics; Agricultural Statistics; Parameter & Nonparametric Estimation; Foundations of Statistical Inference; Time series & Sequential procedures; Design of Experiments; Stochastic processes
,"Feedback controllers, Cognitive Automation; Industrial Automation; Agent Assisted Automation; Bulk Material Handling, Warehouse; Automated Storage and Retrieval System; Pallet, Slip sheet, Electric track vehicle system; PLC Programming; Transport Equipment; Position Equipment, Taguchi technique, ANOVA System; Hoists, Balancers, manipulators, Industrial Robots; Machine safety systems"
,"Operations research and optimization techniques; Supply chain management and logistics; Systems simulation and stochastic processes; Statistical process control or quality control; Predetermined motion time system; Productivity improvement; Quality assurance, and inventory control; System and personnel safety; Value analysis"
rrjohp,"Audiology; Cardiovascular Technology; Clinical Chiropractic; Clinical Laboratory Technology; Health Economics; Healthcare System and Health Policy; Interdisciplinary Clinical Studies, Assessment, and Outcomes; Medical Laboratory Sciences; Nutrition and Dietetics; Occupational Therapy; Osteopathy; Physician; Psychology; Radiology and Ultrasound Technology; Speech and Language Therapy; Surgical Technology"
,"Two-stroke, Four-stroke, Five strokes, and Six-stroke engines; Ignition; Lubrication; Engine Cycles; Wankel rotary engine; Engine configurations; Fuels and oxidizers; Industrial Gas turbines for power generation and mechanical drive; Jet engines"
rrjoi,"Adaptive Immunity; Allergies and Hypersensitivity; Autoimmunity and Immunodeficiency Diseases; Clinical Immunology; Developmental Immunology; Immune Regulation; Immunogenetics; Immunogenomics, Immunoproteomics, and Immune Metabolomics; Immunohistology and Immunopathology; Immunotechniques; Immunotherapy and Vaccines; Innate Immunity and Inflammation; Molecular Immunology; Mucosal Immunology; Neuroimmunology; Reproductive Immunology; Structural Immunology; Synthetic Immunity and Immunoengineering; Transplantation; Tumor Immunology"
rrjom,Prevention and Treatment of illness; Medical Technology; Health Sciences; Biomedical research; Diagnosis & Treatment of disease; Medication; Surgeries & Therapies; Health care systems; Medical Specialties; Community Health; Medical Informatics; Communicable diseases
rrjomst,Health Care; General & Critical Care Medicine; Physiology; General physiological processes; Medical Microbiology; Healthcare Products; Public Health; Surgical or Operation Theater Technology; Medical Laboratory Technology; Biomedical Engineering; Plastic Surgery Technology; Radiological Sciences; Digital Health and Telemedicine; Artificial Intelligence and Machine Learning in Medicine; Wearable Health Technology and Remote Monitoring; Genomics and Personalized Medicine; Healthcare Systems Engineering and Informatics; Public Health Policy and Global Health Initiatives
rrjons,Behavioral and Cognitive Neuroscience; Cellular and Molecular Neuroscience; Clinical Neuroscience and Neuropathology; Computational Neuroscience and Neuroinformatics; Neuroanatomy; Neuroimaging and Neuroradiology; Neuroimmunology; Neurology case report; Neuromedicine; Neuropharmacology and neurochemistry; Neurophysiology and System Neuroscience; Neuropsychology; Neurotheology; Nutritional Neuroscience
,"Audiology; Cardiovascular technology; Clinical chiropractic; Clinical laboratory technology; Health economics; Healthcare System and Health Policy; Interdisciplinary clinical studies, assessment, and outcomes; Medical Laboratory Sciences; Nutrition and dietetics; Occupational therapy; Osteopathy; Physician; Psychology; Radiology and ultrasound technology; Speech and language therapy; Surgical technology"
,Drug delivery system; Drug development system; Drug discovery and design; Formulation research; International drug regulatory affairs; Pharmacodynamics and Pharmacokinetics; Process Engineering; Pharmacognosy; Quality control and Quality Assurance
rrjoast,Agricultural economics; Agricultural Engineering; Agricultural Entomology; Horticulture Crops; Agricultural Chemistry; Soil Science; Agriculture Biotechnology; Agriculture Microbiology; Agriculture Genetics; Agronomy; Agricultural Meteorology; Agro technology; Agro-ecology
,"Quantum mechanics; Continuum mechanics, carbon steels; Biomechanics, Gas Turbines; Analysis and concept of machine and structural components; Experimental Stress Analysis; Multibody dynamics; Quantitative Nondestructive Evaluation with Computational Inverse Methods"
rrjobi,"Bioinformatic tools; Biological algorithm development and implementation; Biological Network Analysis; Biological software design and development; Biomarker identification; Biomedical Data Engineering, Databases, and Data Mining; Cancer Informatics and Medical Informatics; Computational Biology and System Biology; Computational Genomics, Proteomics and Metabolomics; Drug Designing; Evolutionary Bioinformatics and Phylogenetic Analysis; In-Silico Technology and Synthetic Biology; Integrative Bioinformatics; Medical Informatics; Molecular Modeling and dynamics"
rrjod,Dental Anatomy; Prosthodontology and Dental Anesthesiology; Oral and Maxillofacial Surgery; Orthodontics; Restorative Dentistry; Dental Radiography; Forensic Odontology; Geriatric Dentistry; Veterinary Dentistry; Dental Public Health (Policies Related to Oral Health)
joeam,Fluid Mechanics; Analytical Mechanics; Computational Mechanics; Solid Mechanics; Continuum Mechanics; Thermo Mechanics; Experimental Mechanics
,Thermodynamics; Gas Turbines; Petrochemical Processing; Thermal Solar Systems; Nano-Fluids; Thermal Transfer Systems; Heat Exchangers; Transition to Turbulence; Satellite Meteorology; Combustion Systems
rrjooh,Radiation Oncology; Surgical Oncology; Medical Oncology; Interventional Oncology; Gynecologic Oncology; Pediatric Oncology; AllergoOncology; Clinical Oncology; Ocular Oncology; Hematology; Leukocytes and Hematopoiesis; Hemostasis; Thrombosis and Vascular Biology; Hematological Malignancies; Transplantation; Cell Therapy
rrjos,"General Surgery, Cardiothoracic Surgery, and Vascular Surgery; Plastic Surgery, Pediatric Surgery, and Colorectal Surgery; Transplant Surgery and Trauma Surgery; Endocrine Surgery and Breast Surgery; Otolaryngology, Gynecology, Oral & Maxillofacial Surgery; Orthopedic Surgery and Neurosurgery; Podiatric Surgery and Urology; Plastic or Cosmetic Surgery; Laser Surgery; Post Operative Care; Arthroscopy; Modern Surgery; Breast Imaging and Diagnostic Radiology in Oncology; Onco-epidemiology and Risk Stratification Studies; Molecular and Histopathological Correlations in Cancer Diagnostics; Preventive Oncology and Screening Research; s Oncology and Gender-specific Risk Analysis"
rrjot,"Toxicity, Mechanisms, and Health Effects; Biological Toxicology; Xenobiotics and Foreign Toxins; Environmental Toxicology; Industrial Toxicology; Ecotoxicology; Entomotoxicology; Forensic/Medical Toxicology; Marine/Aquatic Toxicology; Molecular Toxicology; Toxicogenomics; Safety Evaluation and Risk Assessment; Pharmaceutics and Pharmacology"
,"Electromechanical modeling; Micro-electromechanical systems; switches, piezoelectric devices, and Relay; Microcontroller circuit; Electronics Engineering, Electrical Engineering; Mechanical/Magnetic behavior and testing of metals; Elasticity, Plasticity, and failure; al behavior of metals, ceramics, polymers, fibers, and composite, Design and fabrication of materials; Sophisticated motion control and hand-held electronic/photographic devices"
ijlpa,Landscape Planning; font-weight; Cultural Landscapes; Landscape Ecology; padding-top; padding-bottom; font-size
joayush,Ayurveda; Yoga; Hatha yoga; Karma yoga; Kundalini yoga; Unani; Siddha; Homeopathy; Treatment with traditional medicines; Naturopathy
,"Electrical Circuits, Devices, and Machines; Electrical AC/DC Motors and Machines; High-Low Voltage Machines and Its Application; Future Energy Generation; Power Converters and Inverters; Electrical Machinery and Automation; Electromechanical Devices and Machines; Robotics Electrical Machines and Technology; Motion Control, Motors, and Devices; Nano and Bio-electrical Systems"
rrjoasyn,Ayurveda; Yoga; Kaya Chikitsa; Shalya Tantra; Kaumarbhritya; Agad Tantra; Rasayan; Vajikaran; Panchkarma; Naturopathy
,Plant Cell; Cell migration; Cell Communication; Cell mechanism; Gene Regulation; Cellular senescence; Cell-Matrix Interaction; Cell Disruption; Signal transduction
rrjopc,"Ethnopharmacology; Marine Pharmacognosy; Mechanistic studies; Medicinal Plant Research; chnological methods, generative and vegetative propagation of artificial seeds, sources of variations; plant growth and cultivation of medicinal plants; rrigation, phytopathology, plant protection, harvesting, organic cultivation, post-harvest processing; Quality; authentication, quality management systems, methods of quality determination, Economics; Natural product discovery and evaluation; Pharmaceutical Biotechnology; Phytochemistry; Plant Metabolomics; Quality assurance and quality control; Chemical profiling, multivariate analysis, WHO good manufacturing practices; main principles for pharmaceutical products, Quality management in the drug industry; harmaceutical dosage forms Validation, Water for pharmaceutical use, WHO good manufacturing practices; tical ingredients (bulk drug substances), Pharmaceutical excipients, WHO good manufacturing practices; ents for national good manufacturing practice inspectorates, Guidance on good manufacturing practices; Green Synthesis and Transformation studies"
,"VLSI Design, Technology, and Applications; Switch level; Analog Circuit; Digital Circuit; Mixed and RF Circuit; Mixed-domain Simulation and Design; Formal Verification; Embedded Systems; Emerging Devices; MOSFET Transistors; Digital Communication; Audio-Amplifiers, FM Radios, Logic Blocks, and Regulators"
rrjoush,Regimental Therapy; Unani System of Medicine; Gunapadam; Isopathy; Electrohomeopathy; Unani; Siddha; Homeopathy; Oriental systems of Medicine; Siddha Pharmacology
ijepms,Electromagnetics and Energy Conversion; AC Systems and 3 Phase Circuits; Synchronous Machines; Adjustable Torque Drives; DC and AC electric motor drives; Electric Motor Drives; Motor controller algorithm; Microcontroller or digital signal processor; Fault protection and diagnostics
ijemad,"Electrical Circuits, Devices, and Machines; Electrical AC/DC Motors and Machines; High-Low Voltage Machines and Its Application; Future Energy Generation; Power Converters and Inverters; Electrical Machinery and Automation; Electromechanical Devices and Machines; Robotics Electrical Machines and Technology; Motion Control, Motors, and Devices; Nano and Bio-electrical Systems"
ijecet,"Electronic design automation; RF/Photonics; Microelectronics; Electromagnetics; Lightwave Engineering; Biomedical Signal Processing; Communication Systems; Control Systems; Digital Signal Processing; Image Processing & Computer Vision; Instrumentation, Multimedia Security; Power Electronics and Power Systems"
ijadar,Divide and conquer; Dynamic programming; Greedy algorithms; Backtracking; Algorithmic languages; Amortized analysis; Linear programming; Linear-time sorting; Advanced algorithm design; Randomized algorithms
ijacse,"Automatic Feedback Control Systems; Communications & Control Systems; Embedded Control Systems; Adaptive Control Techniques; Real-Time and Fault Tolerant Systems; Open and Closed Loop Control Systems; Large Scale Control Systems; Intelligent Sensing Control Systems; Power System Control; Digital and Analogue Control; Motion and Navigation Control; Temporal and Spectral System Analysis; Computer-Aided Design and Control Systems; Control Systems, Instrumentation, and Robotics; Control System Tools & Technology; MATLAB Modeling and Simulation; Emerging Applications in Control Systems and Engineering"
ijcbcf,Cellular microbiology; Cell Biology; Plant Cell; Cell migration; Cell Communication; Cell mechanism; Gene Regulation; Cellular senescence; Cell-Matrix Interaction; Cell Disruption; Cytotoxic; Tissue Engineering; Signal transduction
ijise,Information Security and Risk Management; Ethical Hacking; Operating System Security; Windows Security; Object-oriented Design; Security Architecture; Computer Forensics; Reverse Engineering; Web Application Penetration Testing; Compliance and Operational Security; Threats and Vulnerabilities; Access control and Identity Management; Cryptography
ijcsl,"Distributed Computing; Computer networks and network security; Web services composition; Cryptology; Validation, verification, coding, testing, maintenance, metrics, and renovation of software; Design, implementation and Design, implementation, and evaluation of programming languages; Programming environments; Development tools, visualization, and animation; Human factors in software; Operating systems, system administration, and network management"
ijmct,Smartphones; In-vehicle computing and fleet computing; Mobile ad hoc networks; Mobile computing and communications; Mobile cloud computing; Mobile device management; Mobile software; Positioning and tracking technologies
,Wireless threats; Signal-hiding; Wireless vulnerabilities; Securing wireless transmissions; Network auditing; Wireless public key infrastructure; Electromagnetic shielding
ijdss,Fundamental data structures; Recursive algorithms; Dynamic information structures; Language structures and compilers; ASCII character set; Pascal syntax diagrams; Advanced data structures and algorithms; B-trees; Array data structure
ijepda,font-size; line-height; text-align; Environmental Planning; Land Use Planning and Management; Environmental impact assessment and mitigation; Climate change adaptation and resilience planning; Development Architecture; Green building technologies and materials; padding-top; padding-bottom; font-weight
,"Aerodynamics; Nonlinear dynamics, structural dynamics; System Dynamics; Structural dynamics; Computational fluid dynamics, Intelligent Machine; Nonlinear Dynamics and Network Dynamics; Condensed Matter Dynamics; Quantum Condensed Matter Dynamics; Ultrafast Electron Dynamics"
ijemb,
ijmdsa,"Aerodynamics; Nonlinear dynamics, structural dynamics; System Dynamics; Structural dynamics; Computational fluid dynamics, Intelligent Machine; Nonlinear Dynamics and Network Dynamics; Condensed Matter Dynamics; Quantum Condensed Matter Dynamics; Ultrafast Electron Dynamics"
ijbbr,Molecular Enzymology; Bioreactor Engineering; Biochemical Reactions; Crystallography; Spectroscopy; Metabolomics; Thermodynamics; Transcriptomics; Enzymology
ijipde,"Operations research and optimization techniques; Supply chain management and logistics; Systems simulation and stochastic processes; Statistical process control or quality control; Predetermined motion time system; Productivity improvement; Quality assurance, and inventory control; System and personnel safety; Value analysis"
ijmbr,Monoclonal Antibodies; Molecular Microbiology; Bacteriology; DNA Replication; Molecular Enzymology; Molecular markers; Therapeutic Agents; Transgenic species; Metagenomics; Therapeutic proteins; Structural Genomics
ijbcb,"Bioinformatics, Biophysics, and Biostatistics; Computational and Statistical Genetics; System Biology; Molecular Biology and Biochemistry; Genomics and Proteomics; Mathematical Biology; Network Biology; Medical Informatics; Biomarker Discovery and Mass-Spectrometry; Organization and Drug Designing Tools for Development Analysis; Parallel Computation, Linking Disparate Databases, Data Mining; Biological Software Design and Development; Computational Biomodelling (Molecular Modelling); Biological Algorithms Development and Implementation; Multiple Sequence Alignment and Biological Databases Development"
ijgmr,"Gene patents; Genetic Diseases; DNA Recombination; Restriction Endonucleases; Polymerase Chain Reactions; phates), RT-PCR, Reverse Transcriptase, Limitations of PCR and RT-PCR, PCR buffers, Required cofactor; Gene Cloning; Paratransgenesis; Mutation"
ijram,"Feedback controllers, Cognitive Automation; Industrial Automation; Agent Assisted Automation; Bulk Material Handling, Warehouse; Automated Storage and Retrieval System; Pallet, Slip sheet, Electric track vehicle system; PLC Programming; Transport Equipment; Position Equipment, Taguchi technique, ANOVA System; Hoists, Balancers, manipulators, Industrial Robots; Machine safety systems"
ijeta,"Thermodynamic Equilibrium, Non-Equilibrium; Thermodynamic systems and processes, thermal management/control; Heating and cooling technologies; Energy Transformations; Classical, statistical, chemical, Atmospheric, Biological Thermodynamics; Thermodynamic properties and relations; Thermal interface materials; Thermoeconomics"
ijmpe,"Production planning and control, workforce skills; Casting trend and different machining technology; Tool and precision engineering, Manufacturing Technology, Genetic Algorithm; Metrology and inspection; Automation and rapid manufacturing, Productivity Enhancement; Maintenance Engineering and Tribology, SMEs; Reliability and quality engineering, Genetic Algorithm"
ijppc,Limitation of emissions of volatile organic compounds; Industrial chemical discharges; API oil-water separators; Biofilters; Dissolved air flotation; Powdered activated carbon treatment; Ultrafiltration; Activated sludge biothreats; Wastewater quality indicators; Sustainable Industrial Design; Remediation Technologies; AI and Emerging Technologies for Pollution Prevention and Control
ijcm,Crystal Growth and Nucleation; Crystal Structure Determination; Crystal Defects and Their Characterization; Crystallography and Crystal Optics; Synthesis and Processing of Crystalline Materials; Properties of Crystalline Materials; Applications of Crystalline Materials; Simulation and Modeling of Crystalline Materials; Keywords
ijc,Child Development; font-weight; Child Health; Child Education; Child Protection; Child Rights; Keywords; list-style-type
ijmi,Mineralogy; Geochemistry; Petrology; Mineral exploration; Mineralogy and crystallography; Mineral exploration and mining; Applied mineralogy; Keywords
,"Sensor design, fabrication, and characterization; font-weight; Sensor materials and technologies; Sensor systems and instrumentation; Sensor data processing and analysis; Sensor applications; Keywords"
ijn,Macronutrients and micronutrients; Nutritional biochemistry; Nutritional epidemiology; Nutritional interventions; Nutritional assessment; Nutritional education and communication; Global nutrition; Nutritional policy; Keywords
,font-weight; Analytical methods and techniques; Food quality and safety; Food authenticity and traceability; Food processing and packaging; Nutritional analysis; Sensory analysis; Data analysis and modeling; Keywords
ijvs,Viral Pathogenesis; Viral Epidemiology and Surveillance; Viral Diagnostics; Antiviral Therapeutics; Viral Vaccinology; Immunology of Viral Infections; Zoonotic Viruses; Emerging and Reemerging Viral Infections; Viral Genomics and Molecular Biology; Virus-Host Interactions; Viral Bioinformatics; Viral Evolution and Phylogenetics; Keywords
ijfs,list-style-type; font-weight; Forest ecology and biodiversity; Forest management and conservation; Forest genetics and tree breeding; Forest biotechnology and molecular biology; Forest products and industries; Forest economics and policy; Forest carbon and climate change; Forest fires and disturbances; Forest restoration and rehabilitation; Forest education and extension; Keywords
ijat,Atmospheric physics and chemistry; Meteorology and climatology; Atmospheric modeling; Atmospheric remote sensing; Air quality and pollution; Atmospheric boundary layer; Keywords
ijpg,"Pathogenesis and virulence mechanisms of infectious agents; Epidemiology and transmission of infectious diseases; Host-pathogen interactions and immune responses to pathogens; Diagnosis, treatment, and prevention of infectious diseases; Emerging and re-emerging infectious diseases; Antimicrobial resistance and antimicrobial stewardship; Vaccines and vaccine development for infectious diseases; Molecular biology and genetics of infectious agents; Pathology and pathophysiology of infectious diseases; Public health and global health issues related to infectious diseases; Keywords"
ijtn,"font-weight; Toxin production by microorganisms, plants, and animals; Toxicity mechanisms and toxicokinetics of toxins; Toxicological effects of environmental toxins on human and animal health; oxins using advanced analytical techniques, such as mass spectrometry, chromatography, and biosensors; Bioremediation and detoxification of toxic compounds; Risk assessment and management of toxic substances; Regulatory frameworks for the control of toxins in food, water, and other environmental matrices; Novel approaches for the prevention and treatment of toxin-related diseases"
ijbs,Cognitive neuroscience; Behavioral neuroscience; Neuroimaging and neurophysiology; Neuropsychology and clinical neuropsychology; Neuropharmacology and drug development; Developmental neuroscience; Neuroplasticity and neurorehabilitation; Neurobiology and genetics; Neurodegeneration and neurodegenerative diseases; Neuropsychiatry and clinical neurology
ijf,Taxonomy and Systematics; Genetics and Genomics; Ecology and Biodiversity; Physiology and Biochemistry; Biotechnology; Molecular Biology; Medical Mycology; Agricultural and Environmental Applications; Mushrooms; Yeasts; Molds; Pathogenic Fungi; Edible Fungi; Toxic Fungi; Anaerobic Respiration; Ethanol Production; Carbon Dioxide (CO2); Saccharomyces cerevisiae; Keywords
ijab,Antibiotic discovery and development; Antibiotic resistance and mechanisms of action; Antibiotic pharmacology and pharmacokinetics; Antimicrobial stewardship and antibiotic prescribing practices; Clinical trials and outcomes of antibiotic therapy; Epidemiology and surveillance of antibiotic-resistant infections; New technologies and approaches for antibiotic research and development; Veterinary and agricultural use of antibiotics; Alternative antimicrobial therapies and approaches; Keywords
ijarat,"Industrial Automation; Robotic Automation; Factory Automation; Hydraulics and Pneumatics, automotive coolants; Sequential control and logical sequence control; Manufacturing Automation, automatic machine, automatic blower; Distributed control and remote monitoring; Fault detection and isolation (FDI); Virtual instrumentation and control; Fieldbus technology and interfaces"
ijenpc,
,"font-weight; Physiological factors in Heart disease; Women and Cardiovascular Disease; Acute Coronary Syndrome; Cardiovascular care; Physiologic, Psychologic, and Social needs of Cardiovascular Patients; Epidemiology and Physiology; Cardiac Rehabilitation; Drug Therapy and Clinical Trials; Cardiovascular Surgery"
ijci,Keywords
ijtc,font-weight; Mechanisms of toxicity; Environmental toxicology; Occupational toxicology; Clinical toxicology; Food and chemical safety; Toxicology of natural products; Toxicogenomics and epigenetics; Keywords
ijtm,Epidemiology and control of tropical diseases; Emerging and re-emerging tropical diseases; Vector biology and control; Clinical tropical medicine; Immunology and vaccinology; One Health and Zoonoses; Health systems and policy; Keywords
,"font-weight; Vehicle Dynamics; Noise, Vibration, and Harshness Engineering; Fluid Dynamics and Aerodynamics; Automotive Diesel Engines; Vehicle Body Engineering; Engine Construction and Operation; Keywords"
ijrfi,"Radio Frequency oscillators; Transmitters and Transmission lines; Radio Frequency connectors; Antennas; Receivers and Tuners; Amplifiers; Modulators, demodulators, and detectors; Radio Frequency filters; Radio Frequency shielding and Ground plane; Radiofrequency module; GPS & GLONASS Modules"
ijea,Digital analog circuits; Integrated circuit; Microelectronics; Unconventional computing; Digital system and binary numbers; Asynchronous sequential logic; Digital Number System; Boolean Algebra and Logic Circuits; Digital Logic Gates; Digital Combinational Logic; Sequential Circuits; Digital Logic Families
rtc,Natural and organic products; Sustainable packaging; Innovative formulations; Emerging technologies; Beauty supplements; Keywords
ijsu,Environmental sustainability; Social sustainability; font-weight; Economic sustainability; Sustainable development; Keywords
ijvcdt,"CMOS technologies and SPICE Models; Stability and Noise issues in amplifiers; Frequency response; CMOS analog blocks; Current Sources and Voltage references; Differential amplifier, OPAMP, and OTA design; Frequency Synthesizers and Phased lock-loop; Non-linear analog blocks; Comparators, Charged-pump circuits, and Multipliers; Data converters; Analog Interconnects and Analog Testing and Layout; Low voltage and Low power Analog; Electronic design automation"
ijsrs,Specific Satellite Services; Space Surveillance Network; Weather and environmental monitoring; Mobile Satellite Services; Orbits and launches; Spacecraft technology; Ground equipment for GEO Satcom; VSAT Satellite Communication; Web-Based Services; Land survey data
iju,Observational and theoretical astrophysics; Cosmology; Exoplanets; Gravitational waves; High-energy astrophysics; Keywords
ijl,Land use and land cover change; Land governance and tenure; Land degradation and restoration; Land and natural resources; Land and climate change; Land and development; Land and conflict; Keywords
ijoir,Optical specifications; Geometrical optics principles; Optoelectronic technologies; Laser physics and atomic structure; Quantum optics; Optical lens design; Physics and lasers; Semiconductor properties; Optical design; Optical instrumentation; Optical meteorology
ijssir,Amorphous oxide semiconductors; Photovoltaics; Advanced materials for CMOS; Novel devices; Thin films; Crystal structure; Quasicrystals; Spin glasses; High-temperature superconductivity
rtss,"Latest trends in social studies; font-weight; Research, Developments, and Innovations in Social Studies; Change the understanding of Society and Human Behavior; Social Inequality; Cultural Diversity; Globalization; Impact of technology on social interactions; Pedagogical approaches and teaching methods; Keywords"
ijes,Educational psychology; font-weight; Curriculum and instruction; Assessment and evaluation; Educational technology; Teacher education and professional development; Education policy and leadership; International and comparative education; Keywords
ijm,Membrane materials; Membrane processes; Membrane characterization; Membrane applications; Membrane modeling and simulation; Keywords
etpm,"Personalized cancer treatment; Genetically personalized medicine; Pharmacogenomics-based personalized healthcare; Antibody-related diseases personalized medicine; Discovering drug targets and incorporating them into personalized therapy; Personalized Medicine in Cell Therapy; Bioinformatics personalized medicine; Nutrition and exercise personalized medicine; Neurological personalized medicine; Resources and Technology Advancements; Omics-based research on illness risk, prognosis, and treatment response; Identification and use of biomarkers; Personalization of non-drug related omics-based health interventions; Morality and regulations in personalized medicine"
rtid,Emerging and re-emerging infectious diseases; Zoonotic diseases; Climate change and infectious diseases; Antimicrobial resistance; Diagnosis and treatment; Bacterial Infectious Diseases; Keywords
,Real-Time Embedded Systems; Hybrid Embedded Systems; Serial Communication Interfaces; Synchronous Serial Communication Interface; Multi-Media Cards; Timers and Time Processing Units; Analog to Digital/Digital to Analog; Digital Systems Interfacing; Embedded computing and communication systems; Artificial intelligence
etsy,
ijv,Virology and immunity; Immune evasion; Types of Vaccines; Vaccinations for bioterrorism; Adolescent Health and Immunization; Vaccine R&D and Impact; Keywords
ijcc,"Focus and Scope; Climate change and its impacts on ecosystems, biodiversity, and natural resources; Climate modeling and forecasting; Climate Policy and Governance; Climate adaptation and mitigation strategies; Climate risk assessment and management; Impacts of extreme weather events on human societies, economies, and infrastructure; Climate-related health impacts and vulnerabilities; Impacts of climate change on food security and agriculture; Climate finance and investment; Climate education and communication; Keywords"
ijd,"Drone design, development, and control; Drone applications in agriculture, forestry, environment, and wildlife conservation; Drone-based sensing and data acquisition; Drone-based delivery and logistics; Drone-based communication networks and Swarm intelligence; Drone safety, security, and regulations; Drone-human interaction and social aspects of drones; Keywords"
ijbsc,font-weight; Social psychology; Cognitive psychology; Developmental psychology; Personality psychology; Clinical psychology; Neuropsychology; Psychophysiology; Behavioral neuroscience; Behavioral economics; Organizational behavior; Human resource management; Sociology; Anthropology; Political science; Communication studies; Keywords
ijml,font-weight; Taxonomy; Physiology; Ecology; Behavior; Genetics; Biotechnology; Fisheries; Aquaculture; Invertebrates; Vertebrates; Marine ecosystem processes; Primary Production; Nutrient Cycling; Biotic Interactions; Trophic Dynamics; Impacts of Climate; Impacts of anthropogenic activities; Freshwater ecosystems; Marine ecosystems; Interconnection; Phytoplankton; Zooplankton; Monitoring; Pond ecosystem; Planktonic Organisms; Zooplankton Organisms; Keywords
iji,"Insect Diversity and Taxonomy; Insect behavior, including mating behavior, foraging, and social behavior; Insect ecology, including interactions with other organisms and their environment; Insect physiology, including development, growth, and reproduction; Insect genetics and genomics, including molecular and cellular aspects; Insect Evolution and Phylogeny; pest management, including biological control, integrated pest management, and insecticide resistance; Insect conservation, including the protection of threatened species and their habitats; Insect-borne diseases, including the biology and control of disease vectors"
etm,Metabolite Biochemistry; Secondary Metabolites; Antioxidants; Metabolite Profiling; Metabolic Pathways; Metabolomics in Health and Disease; Metabolomics and Precision Medicine; Metabolites in Drug Discovery and Development; Environmental Metabolomics; Computational Metabolomics; Metabolite Engineering; Metabolomics in Agriculture and Food Science; Emerging Technologies and Methodologies; Keywords
ijthc,"Crop production and protection; Post-harvest management; Landscape horticulture; Plant Biotechnology; Environmental horticulture; Precision farming, sensor technology, and automation in horticulture; Sustainable agriculture, food security, and nutrition; s facing horticulture, including climate change, pests, and diseases, and their management strategies; Ornamental horticulture, pomology, olericulture, and medicinal horticulture; Economic aspects; Social aspects; Environmental aspects; Keywords"
ijame,"Biochemical Engineering; Catalytic Engineering; Chemical Reaction Engineering; Computational Methods in Chemical Engineering; Environmental Chemical Engineering; Materials Process Engineering; Microfluidic Engineering and Process Intensification; Separation Processes; Surface and Interface Engineering; Fundamental chemistry, biology, physics of molecular engineering; Cell and tissue engineering; Biomolecular Physics"
ijth,font-weight; Literature and Language Studies; Philosophy and Ethics; History and Archaeology; Culture and Society; Art and Architecture; Interdisciplinary Studies; Keywords
ijppr,Photoelectrochemical Processes; Photochemical and Photobiological Sciences; Photochemistry and Photobiology Fundamentals; Photochemical Logic and Advanced Photonic Systems; Plant Photoreceptor and Blue Light Systems; Etiolated and De-Etiolated Growth Patterns; Bioelectronics and Nanomedicine Applications; Environmental and Supramolecular Photochemistry
rtm,Pure Mathematics; Abstract algebra; Number theory; Real analysis; Topology; Applied Mathematics; Mathematical Modeling; Computational Mathematics; Numerical Analysis; Optimization; Differential Equations; Probability & Statistics; Probability Theory; Statistical Inference; Stochastic Processes; Data Analysis; Bayesian Methods; Geometry & Topology; Differential Geometry; Algebraic Topology; Geometric Analysis; Manifold Theory; Mathematical Physics; Quantum Mechanics; General Relativity; Mathematical Methods in Physics; Quantum Field Theory; Combinatorics & Discrete Mathematics; Graph Theory; Combinatorial Structures; Coding Theory; Discrete Optimization
ijbie,Medical Imaging and Signal Processing; Biomechanics and Biomaterials; Biomedical Instrumentation; Bioinformatics and Computational Biology; Biomedical Systems and Control; Medical Informatics and Health Information Systems; Neuroengineering and Neural Systems; Tissue Engineering and Regenerative Medicine
ijtt,"Focus and Scope; Mechanisms of toxicity; Environmental toxicology; Occupational toxicology; Clinical toxicology; Food and chemical safety; Toxicology of natural products; Toxicogenomics and epigenetics; Toxin production by microorganisms, plants, and animals; Toxicity mechanisms and toxicokinetics of toxins; Toxicological effects of environmental toxins on human and animal health; oxins using advanced analytical techniques, such as mass spectrometry, chromatography, and biosensors; Bioremediation and detoxification of toxic compounds; Risk assessment and management of toxic substances; Regulatory frameworks for the control of toxins in food, water, and other environmental matrices; Novel approaches for the prevention and treatment of toxin-related diseases"
ijfmds,"Elastic instability, Gross plastic deformation, Tensile instability; Creep damage and creep-fatigue interaction; Low and high cycle fatigue damage; Brittle/elastic damage, friction and wear; Ductile/plastic damage, corrosion of metals, alloys; Impact damage, mechanical characterization of composites; Modeling and numerical simulation; lastic-plastic, Wear behavior of composites, metal Metrix composites, hybrid composites, fly ash etc; engine exhaustion Crack and fracture repair Techniques; Keywords"
ijmsmt,"Shaft design and bearing selection; Power transmitting shafts, Solar and electrical heating system; Advanced Vibrations; Tribology and Bearing Design; Bearings, fasteners, springs, brakes and clutches; Computer-Aided Drafting and Electrical Drafting; Micro Station, Inventor, and GeoSoft Montaj drawing; esign tools like finite element analysis, computational fluid dynamics, computer-aided manufacturing"
rts,Traditional Sports; Analyzing the Recent Trends in Sports; Advancements in Technology in Sports; Changes in Rules and Regulations in Sports; Potential Future Trends in Sports; s Impact on Sports; COVID-19 Pandemic on Sports; The emergence of New Sports; Rise of Mixed Martial Arts (MMA); s Sports
etl,Language Acquisition; font-weight; Linguistics; Language Technology; Multilingualism; Language and Society; Language Teaching; Language Policy; Keywords
